{
	"agent": {
	  "metrics_collection_interval": 10,
	  "run_as_user": "root"
	},
	"logs": {
	  "logs_collected": {
		"files": {
		  "collect_list": [
			{
			  "file_path": "/opt/aws/amazon-cloudwatch-agent/logs/amazon-cloudwatch-agent.log",
			  "log_group_name": "/apps/CloudWatchAgentLog/",
			  "log_stream_name": "{ip_address}_{instance_id}",
			  "timezone": "Local"
			},
			{
			  "file_path": "/var/log/messages",
			  "log_group_name": "/apps/system/messages",
			  "log_stream_name": "{ip_address}_{instance_id}",
			  "timestamp_format": "%b %d %H:%M:%S",
			  "timezone": "Local"
			},
			{
			  "file_path": "/var/log/httpd/access_log",
			  "log_group_name": "/apps/webservers/httpd/access",
			  "log_stream_name": "{ip_address}_{instance_id}",
			  "timestamp_format": "%d/%b/%Y:%H:%M:%S %z",
			  "timezone": "Local"
			}
		  ]
		}
	  }
	},
	"metrics": {
	  "aggregation_dimensions": [
		[
		  "InstanceId"
		]
	  ],
	  "append_dimensions": {
		"AutoScalingGroupName": "${aws:AutoScalingGroupName}",
		"ImageId": "${aws:ImageId}",
		"InstanceId": "${aws:InstanceId}",
		"InstanceType": "${aws:InstanceType}"
	  },
	  "metrics_collected": {
		"collectd": {
		  "metrics_aggregation_interval": 60
		},
		"disk": {
		  "measurement": [
			"used_percent"
		  ],
		  "metrics_collection_interval": 10,
		  "resources": [
			"*"
		  ]
		},
		"mem": {
		  "measurement": [
			"mem_used_percent"
		  ],
		  "metrics_collection_interval": 10
		},
		"statsd": {
		  "metrics_aggregation_interval": 60,
		  "metrics_collection_interval": 10,
		  "service_address": ":8125"
		}
	  }
	}
  }